{
  "train_path": "/home/aziz/Projects/kaggle/S6E3/train.csv",
  "test_path": "/home/aziz/Projects/kaggle/S6E3/test.csv",
  "output_dir": "dvae_outputs",
  "folds": 5,
  "seed": 42,
  "latent_dim": 16,
  "dvae_params": {
    "max_epochs": 30,
    "patience": 6,
    "learning_rate": 0.001,
    "weight_decay": 1e-05,
    "kl_beta_max": 0.1,
    "kl_warmup_ratio": 0.4,
    "noise_std": 0.05,
    "mask_prob": 0.1,
    "encoder_hidden_dims": [
      256,
      128
    ],
    "decoder_hidden_dims": [
      128,
      256
    ],
    "dropout": 0.1,
    "gpu_batch_size": 4096,
    "cpu_batch_size": 2048,
    "gpu_eval_batch_size": 4096,
    "cpu_eval_batch_size": 1024,
    "max_gpu_memory_gib": 5.0
  },
  "feature_counts": {
    "numeric_cols": [
      "MonthlyCharges",
      "TotalCharges",
      "tenure"
    ],
    "binary_cols": [
      "Dependents",
      "PaperlessBilling",
      "Partner",
      "PhoneService",
      "SeniorCitizen",
      "gender"
    ],
    "categorical_cols": [
      "Contract",
      "DeviceProtection",
      "InternetService",
      "MultipleLines",
      "OnlineBackup",
      "OnlineSecurity",
      "PaymentMethod",
      "StreamingMovies",
      "StreamingTV",
      "TechSupport"
    ],
    "ignored_cols": [
      "id"
    ],
    "processed_input_dim": 45,
    "latent_dim": 16,
    "residual_summary_dim": 6,
    "reconstruction_dim": 45,
    "variant_feature_dims": {
      "latent": 16,
      "latent_resid": 22,
      "full": 67
    }
  },
  "downstream_backend": "xgboost",
  "cv_scores": {
    "latent": [
      0.9078709996203487,
      0.9092857293805484,
      0.9091639776288174,
      0.910225839005577,
      0.9064273302783297
    ],
    "latent_resid": [
      0.9092589528619923,
      0.9105030597493078,
      0.9098282967548572,
      0.9110388503358344,
      0.9078984116661077
    ],
    "full": [
      0.9096565009824075,
      0.9106456113787055,
      0.9100450167234422,
      0.9112177319008805,
      0.9080185730217116
    ]
  },
  "final_cv_scores": {
    "latent": 0.9085780580759208,
    "latent_resid": 0.9096927554209258,
    "full": 0.9099007586356334
  },
  "oof_prediction_correlations": {
    "labels": [
      "latent",
      "latent_resid",
      "full"
    ],
    "matrix": [
      [
        0.9999999999999998,
        0.9955251237476053,
        0.993677096887062
      ],
      [
        0.9955251237476052,
        1.0,
        0.9972355559545104
      ],
      [
        0.9936770968870619,
        0.9972355559545103,
        1.0
      ]
    ]
  },
  "fold_histories": [
    {
      "fold": 1,
      "train_size": 475355,
      "valid_size": 118839,
      "best_dvae_epoch": 1,
      "best_dvae_valid_loss": 0.15582338509912005,
      "scores": {
        "latent": 0.9078709996203487,
        "latent_resid": 0.9092589528619923,
        "full": 0.9096565009824075
      },
      "history_tail": [
        {
          "epoch": 3,
          "beta": 0.025,
          "train_loss": 0.1896857497581038,
          "train_recon": 0.1379103072877661,
          "train_kl": 2.0710176617796447,
          "valid_loss": 0.1778344561836877,
          "valid_recon": 0.12440947734946674,
          "valid_kl": 2.1369990999549233
        },
        {
          "epoch": 4,
          "beta": 0.03333333333333333,
          "train_loss": 0.20047148307981216,
          "train_recon": 0.14146019870444737,
          "train_kl": 1.770338456665891,
          "valid_loss": 0.19189421707084234,
          "valid_recon": 0.13235500741091613,
          "valid_kl": 1.7861761932970341
        },
        {
          "epoch": 5,
          "beta": 0.04166666666666667,
          "train_loss": 0.21087674350861457,
          "train_recon": 0.1478868549505073,
          "train_kl": 1.5117572482452708,
          "valid_loss": 0.20387090904378097,
          "valid_recon": 0.1438974015330892,
          "valid_kl": 1.439364110407637
        },
        {
          "epoch": 6,
          "beta": 0.05,
          "train_loss": 0.22094988420834025,
          "train_recon": 0.15479985151529913,
          "train_kl": 1.3230006189362664,
          "valid_loss": 0.2153011488384995,
          "valid_recon": 0.1451312255891324,
          "valid_kl": 1.4033984054102824
        },
        {
          "epoch": 7,
          "beta": 0.05833333333333334,
          "train_loss": 0.2304828277194934,
          "train_recon": 0.16264383120377485,
          "train_kl": 1.1629542228025016,
          "valid_loss": 0.22609242248043027,
          "valid_recon": 0.15710411445505723,
          "valid_kl": 1.1826566966879883
        }
      ],
      "backend": "xgboost"
    },
    {
      "fold": 2,
      "train_size": 475355,
      "valid_size": 118839,
      "best_dvae_epoch": 1,
      "best_dvae_valid_loss": 0.1626765906789695,
      "scores": {
        "latent": 0.9092857293805484,
        "latent_resid": 0.9105030597493078,
        "full": 0.9106456113787055
      },
      "history_tail": [
        {
          "epoch": 3,
          "beta": 0.025,
          "train_loss": 0.18826343263496256,
          "train_recon": 0.1376543320007994,
          "train_kl": 2.0243639894147765,
          "valid_loss": 0.17707042607249546,
          "valid_recon": 0.12617633893427213,
          "valid_kl": 2.035763460959114
        },
        {
          "epoch": 4,
          "beta": 0.03333333333333333,
          "train_loss": 0.19973590456593418,
          "train_recon": 0.14141537016063976,
          "train_kl": 1.7496159423481106,
          "valid_loss": 0.1916431573218132,
          "valid_recon": 0.1287935492219029,
          "valid_kl": 1.8854881136402482
        },
        {
          "epoch": 5,
          "beta": 0.04166666666666667,
          "train_loss": 0.21151175474765316,
          "train_recon": 0.14769198332967814,
          "train_kl": 1.5316744626717587,
          "valid_loss": 0.20544983572188164,
          "valid_recon": 0.14147155468855555,
          "valid_kl": 1.5354786748956888
        },
        {
          "epoch": 6,
          "beta": 0.05,
          "train_loss": 0.22237964607484073,
          "train_recon": 0.15574174804621596,
          "train_kl": 1.3327579225114399,
          "valid_loss": 0.21766177602808517,
          "valid_recon": 0.15468169596083794,
          "valid_kl": 1.2596015807183742
        },
        {
          "epoch": 7,
          "beta": 0.05833333333333334,
          "train_loss": 0.23216347540192658,
          "train_recon": 0.16464230664809285,
          "train_kl": 1.1575057371759774,
          "valid_loss": 0.22774135497594822,
          "valid_recon": 0.15791952310949406,
          "valid_kl": 1.1969456721881322
        }
      ],
      "backend": "xgboost"
    },
    {
      "fold": 3,
      "train_size": 475355,
      "valid_size": 118839,
      "best_dvae_epoch": 1,
      "best_dvae_valid_loss": 0.14883082221041244,
      "scores": {
        "latent": 0.9091639776288174,
        "latent_resid": 0.9098282967548572,
        "full": 0.9100450167234422
      },
      "history_tail": [
        {
          "epoch": 3,
          "beta": 0.025,
          "train_loss": 0.1869158402688272,
          "train_recon": 0.13652749453521484,
          "train_kl": 2.0155337738211614,
          "valid_loss": 0.1750247711749677,
          "valid_recon": 0.12377313469495076,
          "valid_kl": 2.0500653646991362
        },
        {
          "epoch": 4,
          "beta": 0.03333333333333333,
          "train_loss": 0.1979644687850398,
          "train_recon": 0.13998539819524283,
          "train_kl": 1.739372030488284,
          "valid_loss": 0.18860449490416054,
          "valid_recon": 0.12844994076403904,
          "valid_kl": 1.8046365636407735
        },
        {
          "epoch": 5,
          "beta": 0.04166666666666667,
          "train_loss": 0.2093436347392011,
          "train_recon": 0.14534927635303163,
          "train_kl": 1.5358645222291392,
          "valid_loss": 0.20241691854304458,
          "valid_recon": 0.13750183204018365,