{
  "train_path": "/home/aziz/Projects/kaggle/S6E3/train.csv",
  "test_path": "/home/aziz/Projects/kaggle/S6E3/test.csv",
  "output_dir": "dvae_outputs_optuna",
  "run_mode": "train_best",
  "search_budget": "balanced",
  "folds": 5,
  "search_folds": 3,
  "seed": 42,
  "dvae_seeds": [
    42,
    123
  ],
  "enable_service_view": true,
  "enable_rich_variants": false,
  "feature_counts": {
    "numeric": 10,
    "binary": 8,
    "categorical": 15,
    "ignored": [
      "id"
    ]
  },
  "search_summary": {
    "raw_best": {
      "score": 0.9161402994216404,
      "params": {
        "raw_scaler_name": "robust",
        "raw_learning_rate": 0.016082317138461862,
        "raw_max_depth": 4,
        "raw_min_child_weight": 5.275450186584302,
        "raw_subsample": 0.7314047095321687,
        "raw_colsample_bytree": 0.8900581282031752,
        "raw_gamma": 1.0702599800807677,
        "raw_reg_alpha": 0.0016155029410048452,
        "raw_reg_lambda": 2.5411709798607287,
        "raw_max_bin": 512
      }
    },
    "dvae_best": {
      "score": 0.9151162685185946,
      "params": {
        "dvae_hidden_name": "256x128",
        "dvae_latent_dim": 40,
        "dvae_dropout": 0.2423116317482168,
        "dvae_learning_rate": 0.002603549012095197,
        "dvae_weight_decay": 2.129964726119655e-06,
        "dvae_noise_std": 0.010851251170085103,
        "dvae_mask_prob": 0.16708850280992452,
        "dvae_beta_max": 0.05072258147942302,
        "dvae_warmup_ratio": 0.7903432366038118,
        "dvae_max_epochs": 34,
        "dvae_patience": 8,
        "dvae_scaler_name": "robust",
        "hybrid_learning_rate": 0.05792084384378668,
        "hybrid_max_depth": 4,
        "hybrid_min_child_weight": 1.0916832138015782,
        "hybrid_subsample": 0.7650101918925853,
        "hybrid_colsample_bytree": 0.919254380610548,
        "hybrid_gamma": 1.0508320217291864,
        "hybrid_reg_alpha": 0.013930168823468703,
        "hybrid_reg_lambda": 0.8000354353343326,
        "hybrid_max_bin": 256
      }
    },
    "raw_storage": "dvae_outputs_optuna/raw_xgb_optuna.db",
    "dvae_storage": "dvae_outputs_optuna/dvae_hybrid_optuna.db"
  },
  "final_scores": {
    "raw_xgb": 0.9162215462237131,
    "latent_ms": 0.9122000551159851,
    "latent_seed42": 0.9115695375059294,
    "latent_resid_ms": 0.9125111157240735,
    "latent_resid_seed42": 0.911946445552359,
    "latent_recon_ms": 0.912417919900136,
    "latent_recon_seed42": 0.9118791942471486,
    "full_ms": 0.9127407208637375,
    "full_seed42": 0.9122984043683819,
    "raw_plus_latent_ms": 0.9157138627930638,
    "raw_plus_latent_seed42": 0.9154206003817763,
    "raw_plus_latent_resid_ms": 0.9156574435510625,
    "raw_plus_latent_resid_seed42": 0.9153499478155681,
    "raw_plus_full_ms": 0.9154242188365795,
    "raw_plus_full_seed42": 0.9151285888091008,
    "service_full_ms": 0.9116912670250291,
    "service_full_seed42": 0.9111600780238706,
    "multiview_full_ms": 0.9155185404063396,
    "multiview_full_seed42": 0.9152076605996564,
    "latent_seed123": 0.911554403055897,
    "latent_resid_seed123": 0.9119616024514056,
    "latent_recon_seed123": 0.9119132361560929,
    "full_seed123": 0.9122671330703308,
    "raw_plus_latent_seed123": 0.9154501536485021,
    "raw_plus_latent_resid_seed123": 0.915388076630018,
    "raw_plus_full_seed123": 0.9151612832496568,
    "service_full_seed123": 0.9111889557830438,
    "multiview_full_seed123": 0.9153158918252646,
    "stack": 0.9162384557609528
  },
  "selected_variants": [
    "raw_xgb",
    "raw_plus_latent_ms",
    "multiview_full_seed42",
    "raw_plus_full_seed123",
    "raw_plus_full_seed42"
  ],
  "stack_search": {
    "variants": [
      "raw_xgb",
      "raw_plus_latent_ms",
      "multiview_full_seed42",
      "raw_plus_full_seed123",
      "raw_plus_full_seed42"
    ],
    "alpha": 4.5705630998014515,
    "score": 0.9162358364220431,
    "storage": "dvae_outputs_optuna/stack_optuna.db"
  },
  "raw_xgb_params": {
    "learning_rate": 0.016082317138461862,
    "max_depth": 4,
    "min_child_weight": 5.275450186584302,
    "subsample": 0.7314047095321687,
    "colsample_bytree": 0.8900581282031752,
    "gamma": 1.0702599800807677,
    "reg_alpha": 0.0016155029410048452,
    "reg_lambda": 2.5411709798607287,
    "max_bin": 512
  },
  "dvae_cfg": {
    "latent_dim": 40,
    "hidden_dims": [
      256,
      128
    ],
    "dropout": 0.2423116317482168,
    "learning_rate": 0.002603549012095197,
    "weight_decay": 2.129964726119655e-06,
    "noise_std": 0.010851251170085103,
    "mask_prob": 0.16708850280992452,
    "beta_max": 0.05072258147942302,
    "warmup_ratio": 0.7903432366038118,
    "max_epochs": 34,
    "patience": 8,
    "scaler_name": "robust"
  },
  "hybrid_xgb_params": {
    "learning_rate": 0.05792084384378668,
    "max_depth": 4,
    "min_child_weight": 1.0916832138015782,
    "subsample": 0.7650101918925853,
    "colsample_bytree": 0.919254380610548,
    "gamma": 1.0508320217291864,
    "reg_alpha": 0.013930168823468703,
    "reg_lambda": 0.8000354353343326,
    "max_bin": 256
  },